fileName,Čas,Počet volání
saj12,236.83599999999996,2042336142
saj6,59.887,502969403
saj7,146.30700000000002,1257866470
